teamName,homeRate,awayRate,difRate
埃蒙,0.18,0.19,-0.01
阿贾克斯,0.59,0.63,-0.04
费耶诺德,0.75,0.77,-0.02
SBV精英,0.48,0.07,0.41
奈梅亨,0.18,0.32,-0.14
格罗宁根,0.19,0.06,0.13
鹿特丹斯巴达,0.59,0.38,0.21
特温特,0.75,0.3,0.45
福伦丹,0.5,0.06,0.44
乌德勒支,0.44,0.42,0.02
瓦尔韦克,0.53,0.13,0.4
坎布尔,0.13,0.12,0.01
阿尔克马尔,0.57,0.65,-0.08
维特斯,0.3,0.25,0.05
海伦芬,0.32,0.36,-0.04
前进之鹰,0.42,0.19,0.23
PSV埃因霍温,0.83,0.5,0.33
锡塔德幸运,0.32,0.3,0.02
切尔西,0.34,0.27,0.07
西汉姆联,0.43,0.17,0.26
利物浦,0.69,0.34,0.35
狼队,0.48,0.12,0.36
布莱顿,0.53,0.45,0.08
纽卡斯尔联,0.58,0.45,0.13
富勒姆,0.43,0.39,0.04
迈阿密联,0.5,0.67,-0.17
红白埃森,0.27,0.17,0.1
埃尔朗根,0.39,0.43,-0.04
查克永恒,0.29,0.0,0.29
塔列雷斯,0.56,0.5,0.06
帕特罗纳图,0.29,0.25,0.04
科隆竞技,0.23,0.13,0.1
海伊阿拉毕,0.22,0.29,-0.07
喀土穆,0.14,0.15,-0.01
法希尔,0.34,0.34,0.0
阿马勒阿特巴拉,0.2,0.24,-0.04
科贝尔喀土穆,0.27,0.34,-0.07
瓦德諾巴維,0.43,0.15,0.28
阿尔喀土穆,0.4,0.34,0.06
希拉尔港,0.27,0.58,-0.31
梅里赫,0.93,0.58,0.35
海伊洼,0.39,0.22,0.17
希拉尔欧巴耶,0.34,0.2,0.14
加达里夫,0.36,0.22,0.14
麦罗维,0.39,0.2,0.19
图蒂喀土穆,0.2,0.29,-0.09
艾哈利薛迪,0.29,0.4,-0.11
恩图曼新月,0.77,0.79,-0.02
百万富翁,0.4,0.5,-0.1
布卡拉曼加竞技,0.5,0.4,0.1
巴伊亚,0.25,0.34,-0.09
巴拉纳竞技,0.75,0.25,0.5
福塔莱萨,0.5,0.25,0.25
塞阿拉,0.34,0.6,-0.26
米内罗竞技,0.67,0.5,0.17
弗拉门戈,0.6,0.34,0.26
圣保罗,1.0,0.0,1.0
帕尔梅拉斯,0.75,0.34,0.41
戈亚尼亚竞技,0.6,0.25,0.35
戈亚斯,0.67,0.0,0.67
弗鲁米嫩塞,0.67,0.5,0.17
克鲁塞罗,0.5,0.5,0.0
科林蒂安,0.34,0.0,0.34
桑托斯,0.5,0.34,0.16
米内罗美洲,0.25,0.0,0.25
博塔弗戈,1.0,0.67,0.33
戈塔维京人,0.6,0.5,0.1
托尔斯港,0.67,0.8,-0.13
维斯图尔07,0.17,0.5,-0.33
克拉克斯维克,1.0,1.0,0.0
雷尼尔,0.0,0.5,-0.5
布拉迪斯拉发,0.6,0.46,0.14
巴统迪纳摩,0.75,0.5,0.25
赫尔辛基,0.8,0.2,0.6
里加足球学校,0.86,0.5,0.36
迪德朗日,0.67,0.8,-0.13
地拉那,0.56,0.53,0.03
埃里温凤凰,0.83,0.59,0.24
克卢日,0.25,0.2,0.05
波兹南莱赫,0.53,0.48,0.05
卡拉巴赫,0.71,0.84,-0.13
新圣徒,0.8,0.6,0.2
林菲尔德,0.0,0.59,-0.59
托博尔,0.5,0.25,0.25
费伦茨瓦罗斯,0.63,0.57,0.06
莫斯塔尔兹林斯基,0.77,0.74,0.03
蒂拉斯波尔警长,0.67,0.75,-0.08
卢多戈雷茨,0.5,0.0,0.5
尼克希奇,0.67,0.45,0.22
巴尔干尼,0.62,0.53,0.09
扎尔吉里斯,0.84,0.5,0.34
沙姆洛克流浪,0.45,0.56,-0.11
希伯尼恩斯,0.47,0.62,-0.15
博多格林特,0.75,1.0,-0.25
中日德兰,0.19,0.75,-0.56
AEK拉纳卡,0.2,0.0,0.2
海法马卡比,1.0,0.4,0.6
奥林匹亚科斯,0.7,0.54,0.16
基辅迪纳摩,0.43,0.79,-0.36
费内巴切,0.69,0.69,0.0
拉德尼基1923,0.4,0.27,0.13
鲁卡尼马拉多特,0.27,0.0,0.27
尼什工人,0.27,0.2,0.07
贝尔格莱德游击队,0.47,0.67,-0.2
苏博蒂察斯巴达克,0.27,0.07,0.2
苏杜利察,0.27,0.07,0.2
托波拉,0.54,0.67,-0.13
伊万尼卡贾沃尔,0.27,0.2,0.07
古拉瑞奇,0.74,0.54,0.2
纳普里达克,0.34,0.2,0.14
沃日多瓦茨,0.4,0.34,0.06
诺维萨德拉多斯特,0.14,0.14,0.0
诺维帕扎,0.6,0.4,0.2
科鲁巴拉,0.54,0.14,0.4
贝尔格莱德红星,0.87,0.87,0.0
伏伊伏丁那,0.67,0.27,0.4
萨卡特卡斯,0.45,0.25,0.2
塞拉亚,0.88,0.56,0.32
瓜达拉哈拉大学,0.5,0.56,-0.06
瓦哈卡,0.34,0.13,0.21
帕蒂特兰德莫雷洛斯,0.45,0.13,0.32
多拉多斯,0.45,0.5,-0.05
维纳多斯,0.5,0.34,0.16
克雷卡米诺斯,0.34,0.25,0.09
塔巴斯科美洲狮,0.23,0.0,0.23
坎昆,0.23,0.13,0.1
塔巴蒂奥,0.63,0.12,0.51
杜兰戈,0.45,0.0,0.45
特拉斯卡拉,0.5,0.12,0.38
索诺拉角羊,0.63,0.34,0.29
蒙特雷B队,0.13,0.34,-0.21
莫雷利亚,0.56,0.25,0.31
亚特兰特,0.75,0.34,0.41
因吉亚,0.45,0.27,0.18
维尔沙克,0.5,0.23,0.27
诺维贝尔格莱德,0.62,0.56,0.06
诺维萨德1921,0.5,0.28,0.22
马克瓦,0.37,0.23,0.14
格拉菲卡贝尔格莱德,0.58,0.34,0.24
梅塔拉克,0.53,0.06,0.47
拉德尼基诺维贝尔格莱德,0.56,0.16,0.4
雷德,0.12,0.17,-0.05
克鲁舍瓦茨特拉亚尔,0.42,0.11,0.31
斯雷姆斯卡米特罗维察工人,0.53,0.17,0.36
塞沃诺,0.48,0.12,0.36
潘切沃铁路工人,0.74,0.34,0.4
兹拉蒂博尔,0.17,0.23,-0.06
洛茲尼察,0.3,0.22,0.08
皇家埃斯特利,0.56,0.34,0.22
沃尔特费雷迪,0.78,0.23,0.55
波德戈里察未来,0.67,0.45,0.22
勒拉比,0.34,0.3,0.04
利耶帕亚,0.25,0.67,-0.42
KF格尼拉内,0.42,0.34,0.08
特雷佩纳,0.65,0.86,-0.21
图兹拉城,0.34,0.24,0.1
图尔库国际,0.5,0.25,0.25
德里塔,0.73,0.36,0.37
拉恩,0.69,0.67,0.02
圣约瑟夫,0.29,0.5,-0.21
格但斯克莱希亚,0.3,0.24,0.06
潘德夫学院,0.27,0.14,0.13
拉奇,0.42,0.34,0.08
伊斯克拉,0.23,0.17,0.06
弗洛里亚纳,0.39,0.39,0.0
亨切什蒂佩特罗库布,0.6,0.6,0.0
格兹拉联,0.47,0.62,-0.15
斯卡尔德竞技,0.6,0.77,-0.17
德里城,0.45,0.67,-0.22
里加,0.86,0.75,0.11
鲁容贝罗克,0.28,0.2,0.08
卡奥诺萨尔基利斯,0.58,0.29,0.29
帕涅韦日斯,0.58,0.86,-0.28
米尔沙米,0.4,0.15,0.25
第比利斯迪纳摩,0.5,0.63,-0.13
派德弗洛拉,0.15,0.29,-0.14
三朵花,0.5,0.72,-0.22
埃施福拉,0.34,0.2,0.14
塔林春神,0.72,0.88,-0.16
塞伊奈约基,0.8,0.67,0.13
阿拉什科特,0.59,0.53,0.06
哈姆伦斯巴达,0.93,0.77,0.16
巴尼亚卢卡战士,0.77,0.34,0.43
B36托尔斯港,0.6,0.84,-0.24
多瑙斯特雷达,0.82,0.4,0.42
克里夫顿维尔,0.0,0.0,0.0
巴拉镇,0.0,0.0,0.0
斯莱戈流浪者,0.34,0.38,-0.04
斯肯迪亚,0.44,0.65,-0.21
埃里温阿拉拉特,0.3,0.3,0.0
苏鲁切尼圣乔治,0.0,0.2,-0.2
穆拉,0.5,0.23,0.27
现代城,0.46,0.2,0.26
古比斯,0.6,0.6,0.0
哥里迪拉,0.5,0.5,0.0
布列达布利克,0.75,0.8,-0.05
圣科洛马体育联盟,0.27,0.47,-0.2
什切青波贡,0.59,0.42,0.17
雷克雅未克,0.0,0.34,-0.34
萨布塔洛,0.63,0.5,0.13
地拉那游击队,0.59,0.5,0.09
卢布尔雅那奥林匹亚,0.78,0.5,0.28
迪弗当日,0.47,0.47,0.0
维拉斯尼亚,0.45,0.24,0.21
克拉约瓦大学,0.25,0.34,-0.09
吉马良斯,0.59,0.36,0.23
普斯卡什学院,0.57,0.3,0.27
琴斯托霍瓦,0.83,0.53,0.3
阿斯塔纳,0.67,0.84,-0.17
白堡,0.44,0.06,0.38
卡巴拉,0.45,0.28,0.17
海拉提,0.34,0.6,-0.26
瓦尔达,0.36,0.25,0.11
索菲亚中央陆军,0.74,0.0,0.74
马其顿尼亚,0.43,0.25,0.18
AIK索尔纳,0.25,0.0,0.25
波尔塔瓦沃尔斯克拉,0.47,0.34,0.13
卢森堡竞赛联,0.27,0.47,-0.2
阿里斯,0.54,0.4,0.14
巴库石油工人,0.59,0.5,0.09
克孜勒扎尔,0.75,0.67,0.08
奥西耶克,0.39,0.34,0.05
伊斯坦布尔巴萨克赛尔,0.63,0.3,0.33
内坦亚马卡比,0.2,0.24,-0.04
莫尔德,0.5,0.25,0.25
埃尔夫斯堡,0.75,0.8,-0.05
里耶卡,0.34,0.45,-0.11
尤尔加登,1.0,0.0,1.0
布拉格斯巴达,0.67,0.5,0.17
维京,0.75,0.34,0.41
索菲亚列夫斯基,0.67,0.34,0.33
塞萨洛尼基,0.7,0.47,0.23
济拉,0.34,0.39,-0.05
特拉维夫马卡比,0.6,0.39,0.21
科佩尔,0.39,0.39,0.0
瓦杜兹,0.17,0.23,-0.06
普罗夫迪夫博特夫,0.4,0.2,0.2
希腊人竞技,0.4,0.0,0.4
维堡,0.5,0.46,0.04
苏杜瓦,0.5,0.15,0.35
旧扎戈拉贝罗,0.34,0.14,0.2
弗拉察博特夫,0.4,0.07,0.33
赫巴尔,0.07,0.34,-0.27
索菲亚中央陆军1948,0.74,0.4,0.34
阿尔达,0.47,0.27,0.2
普罗夫迪夫火车头,0.67,0.27,0.4
比林,0.2,0.14,0.06
索菲亚火车头,0.47,0.2,0.27
瓦尔纳黑海,0.54,0.47,0.07
索菲亚塞普泰姆夫里,0.14,0.2,-0.06
瓦尔纳斯巴达,0.2,0.0,0.2
索菲亚斯拉维亚,0.54,0.47,0.07
伯恩利女足,0.6,0.45,0.15
菲尔德女足,0.48,0.37,0.11
安斯巴赫,0.53,0.22,0.31
德比郡女足,0.64,0.63,0.01
斯托克城女足,0.23,0.37,-0.14
拉夫堡闪电女足,0.34,0.2,0.14
安帕卡,0.29,0.08,0.21
维拉竞技,0.72,0.5,0.22
法兰克福,0.53,0.24,0.29
拜仁慕尼黑,0.65,0.59,0.06
多特蒙德,0.83,0.48,0.35
波鸿,0.48,0.12,0.36
勒沃库森,0.48,0.36,0.12
柏林联合,0.65,0.42,0.23
柏林赫塔,0.3,0.12,0.18
弗赖堡,0.59,0.42,0.17
科隆,0.36,0.24,0.12
美因茨,0.36,0.36,0.0
沃尔夫斯堡,0.36,0.42,-0.06
霍芬海姆,0.42,0.18,0.24
RB莱比锡,0.77,0.42,0.35
沙尔克04,0.3,0.12,0.18
门兴格拉德巴赫,0.59,0.06,0.53
云达不莱梅,0.3,0.3,0.0
奥格斯堡,0.36,0.18,0.18
斯图加特,0.3,0.12,0.18
PK35万塔,0.5,0.34,0.16
塞伊奈约基学院,1.0,0.0,1.0
利文斯顿,0.48,0.25,0.23
流浪者,0.88,0.65,0.23
哈茨,0.69,0.18,0.51
罗斯郡,0.24,0.19,0.05
基尔马诺克,0.44,0.06,0.38
邓迪联,0.36,0.13,0.23
圣约翰斯通,0.19,0.36,-0.17
希伯尼安,0.5,0.3,0.2
圣米伦,0.53,0.19,0.34
马瑟韦尔,0.25,0.36,-0.11
凯尔特人,0.95,0.88,0.07
阿伯丁,0.71,0.32,0.39
斯洛加多波,0.4,0.18,0.22
昂热,0.16,0.06,0.1
南特,0.23,0.11,0.12
克莱蒙,0.48,0.39,0.09
巴黎圣日耳曼,0.73,0.74,-0.01
朗斯,0.9,0.39,0.51
布雷斯特,0.39,0.22,0.17
里尔,0.69,0.34,0.35
欧塞尔,0.28,0.16,0.12
阿雅克肖,0.17,0.16,0.01
里昂,0.53,0.45,0.08
捷丁斯托沃,0.34,0.39,-0.05
耶泽罗,0.45,0.12,0.33
普列夫利亚矿工,0.28,0.23,0.05
莫纳尔,0.45,0.17,0.28
图兹德契奇,0.39,0.28,0.11
蒂瓦特阿森纳,0.28,0.45,-0.17
OFK佩特洛瓦茨,0.34,0.28,0.06
尼斯,0.34,0.43,-0.09
斯特拉斯堡,0.27,0.23,0.04
蒙彼利埃,0.37,0.39,-0.02
摩纳哥,0.5,0.53,-0.03
雷恩,0.79,0.28,0.51
兰斯,0.45,0.22,0.23
特鲁瓦,0.06,0.16,-0.1
图卢兹,0.32,0.34,-0.02
马赛,0.53,0.67,-0.14
洛里昂,0.45,0.32,0.13
斯拉文贝鲁波,0.28,0.28,0.0
圣乔治,0.62,0.65,-0.03
韦尔克凯特马,0.08,0.5,-0.42
加巴尼亚,0.38,0.12,0.26
克拉科夫维斯瓦,0.63,0.44,0.19
多恩比恩,0.29,0.4,-0.11
奥地利卢斯特瑙,0.25,0.19,0.06
巴塞尔,0.3,0.28,0.02
纳沙泰尔,0.17,0.06,0.11
蒙特雷,0.63,0.56,0.07
桑托斯拉古纳,0.38,0.23,0.15
GKS卡托威斯,0.3,0.32,-0.02
琴斯托霍瓦火花,0.19,0.38,-0.19
斯拉沃,0.36,0.29,0.07
胡门尼,0.27,0.22,0.05
凯尔采王冠,0.48,0.18,0.3
LKS尼切萨,0.57,0.36,0.21
奧波莱,0.32,0.32,0.0
梅莱茨钢铁,0.36,0.3,0.06
涅波沃米采,0.63,0.32,0.31
奥尔堡,0.1,0.19,-0.09
斯柯维德,0.0,0.0,0.0
韦斯特洛,0.48,0.36,0.12
热舒夫雷索维亚,0.24,0.32,-0.08
普拉维,0.57,0.36,0.21
因戈尔施塔特,0.32,0.43,-0.11
艾希斯特,0.53,0.16,0.37
菲尔特,0.44,0.12,0.32
狼队女足,0.75,0.8,-0.05
布里格豪斯城女足,0.56,0.5,0.06
索佐波尔,0.32,0.19,0.13
KSV奥登德,0.18,0.18,0.0
敦达克,0.45,0.34,0.11
多姆扎莱,0.28,0.45,-0.17
洛维奇,0.38,0.19,0.19
瓦拉日丁,0.34,0.34,0.0
延雪平南区,0.6,0.25,0.35
哈马比,0.75,0.0,0.75
艾沙尔特,0.5,0.0,0.5
安曼团结,0.6,1.0,-0.4
迪凯尔芬纳,0.53,0.42,0.11
维也纳大众运输,0.72,0.5,0.22
第一维也纳,0.43,0.4,0.03
巴伐利亚霍夫,0.43,0.53,-0.1
伯德布雷佐夫,0.4,0.28,0.12
日利纳,0.2,0.19,0.01
斯沃格体育者,0.5,0.32,0.18
蒙塔纳,0.44,0.32,0.12
乌兰巴托FC,0.78,0.67,0.11
德仁FC,0.56,0.56,0.0
坎伯诺尔德,0.5,0.17,0.33
比斯泰克,0.27,0.27,0.0
Chiemgau Traunstein,0.43,0.32,0.11
格韦鲁普,0.0,0.1,-0.1
科克本市,0.28,0.19,0.09
贾德兰德卡尼,0.27,0.2,0.07
布伦瑞克,0.42,0.13,0.29
汉堡,0.65,0.5,0.15
荷尔斯泰因基尔,0.36,0.32,0.04
罗斯托克,0.32,0.36,-0.04
海登海姆,0.71,0.38,0.33
凯泽斯劳滕,0.38,0.3,0.08
汉诺威96,0.5,0.24,0.26
马格德堡,0.32,0.36,-0.04
杜塞尔多夫,0.65,0.32,0.33
帕德博恩,0.75,0.24,0.51
卡尔斯鲁厄,0.53,0.25,0.28
雷根斯堡,0.25,0.24,0.01
达姆施塔特98,0.65,0.57,0.08
桑德豪森,0.25,0.18,0.07
比勒费尔德,0.3,0.25,0.05
圣保利,0.57,0.42,0.15
纽伦堡,0.42,0.13,0.29
莫哈梅丹,1.0,0.0,1.0
齐塔冈阿巴巴尼,1.0,0.0,1.0
贾马尔,1.0,0.0,1.0
SAIF体育会,0.0,0.0,0.0
阿巴哈尼,1.0,0.0,1.0
斯瓦丁纳克斯,0.0,1.0,-1.0
ASK布拉沃,0.39,0.12,0.27
独立竞技,0.39,0.29,0.1
罗萨里奥中央,0.36,0.16,0.2
圣菲联,0.39,0.22,0.17
飓风,0.7,0.22,0.48
阿尔多希维,0.24,0.08,0.16
圣洛伦索,0.36,0.39,-0.03
纽维尔老男孩,0.31,0.5,-0.19
格拉茨风暴,0.73,0.5,0.23
毕尔巴鄂竞技,0.45,0.34,0.11
马略卡,0.5,0.23,0.27
加的斯,0.34,0.17,0.17
巴塞罗那,0.78,0.73,0.05
巴列卡诺,0.45,0.23,0.22
塞维利亚,0.37,0.34,0.03
皇家贝蒂斯,0.5,0.39,0.11
埃尔切,0.17,0.06,0.11
马德里竞技,0.67,0.56,0.11
赫塔费,0.34,0.17,0.17
塞尔塔,0.34,0.23,0.11
西班牙人,0.23,0.23,0.0
皇家马德里,0.73,0.58,0.15
皇家社会,0.56,0.56,0.0
比利亚雷亚尔,0.67,0.39,0.28
奥萨苏纳,0.56,0.23,0.33
阿尔梅里亚,0.56,0.06,0.5
巴拉多利德,0.45,0.17,0.28
赫罗纳,0.56,0.17,0.39
瓦伦西亚,0.45,0.17,0.28
布鲁克,0.28,0.0,0.28
拉夫尼茨 ,0.4,0.36,0.04
皮亚斯特,0.36,0.48,-0.12
桑德克亚,0.24,0.07,0.17
下卡姆斯克,0.36,0.32,0.04
莫斯科鱼雷,0.14,0.08,0.06
帕斯钦,0.2,0.29,-0.09
哈里本克,0.3,0.12,0.18
赫伦塔尔斯FC,0.48,0.24,0.24
哈拉雷市,0.13,0.25,-0.12
窪窪,0.36,0.0,0.36
玛尼卡钻石,0.48,0.12,0.36
特纳斯,0.24,0.13,0.11
铂金,0.77,0.5,0.27
特赖安格尔,0.59,0.07,0.52
布拉瓦约酋长,0.59,0.24,0.35
克兰伯恩子弹,0.38,0.25,0.13
基肯恩尼,0.59,0.48,0.11
CAPS联队,0.24,0.3,-0.06
卡里巴,0.32,0.24,0.08
布拉瓦约市,0.32,0.18,0.14
恩盖济铂金,0.5,0.36,0.14
高地人,0.63,0.06,0.57
黑犀牛,0.5,0.12,0.38
雅达赫,0.32,0.14,0.18
迪纳莫斯,0.53,0.44,0.09
AFC温布尔登,0.31,0.18,0.13
吉林汉姆,0.48,0.14,0.34
布拉德福德城,0.4,0.48,-0.08
唐卡斯特,0.48,0.22,0.26
哈罗盖特,0.27,0.27,0.0
斯文登,0.4,0.31,0.09
莱顿东方,0.66,0.48,0.18
格林斯比,0.31,0.4,-0.09
卡莱尔联,0.48,0.4,0.08
克劳利,0.4,0.09,0.31
罗奇代尔,0.22,0.18,0.04
克鲁,0.48,0.14,0.34
北安普顿,0.53,0.48,0.05
科尔切斯特联,0.27,0.27,0.0
萨顿联,0.48,0.18,0.3
纽波特,0.27,0.35,-0.08
斯托克港,0.48,0.48,0.0
巴罗,0.53,0.27,0.26
哈德斯菲尔德,0.4,0.22,0.18
伯恩利,0.7,0.57,0.13
布莱克本流浪者,0.57,0.31,0.26
女王公园巡游者,0.27,0.31,-0.04
布莱克浦,0.27,0.22,0.05
雷丁,0.44,0.14,0.3
卡迪夫城,0.27,0.31,-0.04
诺维奇,0.35,0.4,-0.05
赫尔城,0.4,0.22,0.18
布里斯托尔城,0.4,0.27,0.13
卢顿,0.44,0.48,-0.04
伯明翰,0.31,0.31,0.0
米尔沃尔,0.48,0.35,0.13
斯托克城,0.27,0.35,-0.08
罗瑟汉姆,0.4,0.09,0.31
斯旺西,0.48,0.31,0.17
维冈竞技,0.22,0.22,0.0
普雷斯顿,0.31,0.44,-0.13
米德尔斯堡,0.57,0.4,0.17
西布朗,0.48,0.31,0.17
桑德兰,0.31,0.48,-0.17
考文垂,0.48,0.31,0.17
沃特福德,0.48,0.22,0.26
谢菲尔德联,0.7,0.53,0.17
阿克灵顿,0.27,0.22,0.05
查尔顿,0.4,0.31,0.09
布里斯托尔流浪者,0.27,0.35,-0.08
绿色森林流浪,0.22,0.05,0.17
剑桥联,0.4,0.18,0.22
米尔顿凯恩斯,0.18,0.31,-0.13
切尔滕汉姆,0.35,0.27,0.08
彼得堡联,0.57,0.48,0.09
德比郡,0.57,0.35,0.22
牛津联,0.27,0.22,0.05
伊普斯维奇,0.7,0.53,0.17
博尔顿流浪者,0.61,0.4,0.21
林肯城,0.31,0.31,0.0
埃克塞特城,0.44,0.22,0.22
莫克姆,0.35,0.09,0.26
什鲁斯伯里,0.48,0.27,0.21
普利茅斯,0.87,0.48,0.39
巴恩斯利,0.7,0.44,0.26
维尔港,0.35,0.22,0.13
弗利特伍德,0.31,0.31,0.0
谢周三,0.7,0.53,0.17
朴茨茅斯,0.4,0.35,0.05
贝赛联女足,0.75,0.17,0.58
南方联女足,0.0,0.0,0.0
萨尔茨堡红牛,0.5,0.75,-0.25
德约里巴,0.78,0.19,0.59
皇家巴马科,0.7,0.6,0.1
里昂U19,0.62,0.39,0.23
卡昂U19,0.39,0.24,0.15
索尔福德城,0.44,0.53,-0.09
曼斯菲尔德,0.4,0.53,-0.13
特兰米尔,0.44,0.22,0.22
斯蒂夫尼奇,0.74,0.31,0.43
沃尔索尔,0.4,0.14,0.26
哈特尔浦联,0.22,0.18,0.04
韦康比流浪者,0.48,0.4,0.08
伯顿,0.4,0.27,0.13
明约匹尼克,0.44,0.07,0.37
LKS罗兹,0.75,0.36,0.39
斯塔泽舒夫,0.63,0.19,0.44
韦尔,0.62,0.28,0.34
FK柯西斯,0.79,0.5,0.29
特尔戈维什泰钦迪亚,0.2,0.27,-0.07
达西亚米奥维尼,0.14,0.14,0.0
密库拉斯,0.0,0.1,-0.1
格尼克波尔克维斯,0.48,0.13,0.35
雅盖隆,0.48,0.06,0.42
波兹南瓦尔塔,0.3,0.42,-0.12
保克什,0.5,0.36,0.14
西奥福克,0.48,0.32,0.16
罗切霍茹夫,0.57,0.42,0.15
格丁尼亚,0.18,0.63,-0.45
艾尔布拉格奥林匹亚,0.44,0.3,0.14
索斯诺维茨煤田,0.5,0.07,0.43
波德比斯基,0.38,0.3,0.08
杜库拉,0.54,0.36,0.18
特里尼克,0.34,0.08,0.26
拜斯迪卡,0.46,0.37,0.09
特普利采,0.34,0.2,0.14
奥西希,0.22,0.39,-0.17
卡尔维纳,0.86,0.27,0.59
利森,0.43,0.47,-0.04
斯卡利卡,0.28,0.1,0.18
斯洛瓦茨科,0.54,0.34,0.2
特伦钦,0.37,0.1,0.27
罗兹维泽夫,0.3,0.36,-0.06
台基,0.32,0.32,0.0
莱茨纳,0.32,0.24,0.08
西德尔策,0.48,0.32,0.16
奥尔什丁,0.57,0.32,0.25
拉杜尼亚河,0.25,0.36,-0.11
维尔,0.43,0.27,0.16
胡派达尔,0.65,0.48,0.17
普罗斯特约维,0.43,0.14,0.29
杜布尼卡,0.22,0.22,0.0
欧登塞,0.37,0.28,0.09
科夫流浪者,0.28,0.12,0.16
邓弗姆林竞技,0.56,0.73,-0.17
多德雷赫特,0.32,0.16,0.16
利亚斯肯潘佐宁,0.2,0.37,-0.17
加兴,0.22,0.11,0.11
尼德咸,0.48,0.15,0.33
布拉格斯巴达二队,0.43,0.34,0.09
克鲁蒂姆,0.36,0.2,0.16
慕尼黑1860,0.58,0.27,0.31
列夫林,0.5,0.2,0.3
前进斯太尔,0.47,0.08,0.39
梅彭体育,0.37,0.06,0.31
沙尔克04二队,0.36,0.42,-0.06
埃尔金城,0.34,0.28,0.06
弗雷泽堡,0.56,0.63,-0.07
鲁泽斯代,0.1,0.19,-0.09
安南竞技,0.62,0.23,0.39
奥地利克拉根福,0.37,0.25,0.12
威斯基拉,0.34,0.16,0.18
贝维克,0.34,0.34,0.0
布里金城,0.83,0.83,0.0
阿布洛斯,0.12,0.23,-0.11
奥芬巴赫踢球者,0.65,0.3,0.35
维尔茨堡踢球者,0.64,0.64,0.0
蓝白洛讷,0.45,0.39,0.06
沃灵顿,0.58,0.43,0.15
布鲁日,0.5,0.36,0.14
特汉斯,0.43,0.27,0.16
图恩,0.34,0.34,0.0
圣加仑,0.42,0.17,0.25
奧登堡格,0.16,0.32,-0.16
科特赖克,0.24,0.24,0.0
梅赫伦,0.42,0.24,0.18
卢加诺,0.5,0.3,0.2
锡永,0.12,0.3,-0.18
塞尔维特,0.45,0.3,0.15
邓巴联,0.39,0.23,0.16
斯威夫特,0.87,0.74,0.13
萨尔布吕肯 ,0.58,0.48,0.1
特米恩,0.5,0.0,0.5
新佩斯,0.48,0.19,0.29
沙莫林,0.43,0.29,0.14
巴基,0.83,0.83,0.0
博托沙尼,0.27,0.2,0.07
FC维尔茨,0.34,0.34,0.0
塞莱恩,0.06,0.24,-0.18
沃绍什,0.12,0.13,-0.01
米哈洛夫采,0.46,0.1,0.36
斯库皮,0.74,0.4,0.34
赫尔曼施泰特,0.4,0.34,0.06
马里博尔,0.56,0.45,0.11
彼得黑德,0.17,0.0,0.17
因弗鲁里机车厂,0.42,0.42,0.0
佩特赫姆,0.18,0.18,0.0
阿劳,0.39,0.45,-0.06
克里恩斯,0.57,0.25,0.32
索契,0.54,0.22,0.32
泽尼特,0.86,0.54,0.32
布里涅格罗苏普列,0.27,0.47,-0.2
梅塞梅尔,0.28,0.37,-0.09
利雅得新月,0.58,0.54,0.04
费萨里,0.53,0.45,0.08
扎布热矿工,0.36,0.42,-0.06
尤文图斯,0.73,0.45,0.28
国际米兰,0.74,0.45,0.29
维罗纳,0.34,0.06,0.28
那不勒斯,0.73,0.78,-0.05
拉齐奥,0.56,0.56,0.0
博洛尼亚,0.39,0.34,0.05
佛罗伦萨,0.48,0.28,0.2
克雷莫内塞,0.17,0.06,0.11
萨索洛,0.45,0.22,0.23
莱切,0.17,0.23,-0.06
亚特兰大,0.5,0.48,0.02
AC米兰,0.67,0.34,0.33
乌迪内斯,0.34,0.27,0.07
斯佩齐亚,0.22,0.12,0.1
恩波利,0.45,0.12,0.33
蒙扎,0.39,0.39,0.0
都灵,0.28,0.48,-0.2
桑普多利亚,0.06,0.12,-0.06
罗马,0.56,0.37,0.19
萨勒尼塔纳,0.37,0.12,0.25
沙勒鲁瓦,0.42,0.42,0.0
纽塞德尔,0.4,0.22,0.18
维也纳快速,0.46,0.0,0.46
林茨,0.46,0.0,0.46
克拉科维亚,0.48,0.24,0.24
沃伊斯伯格,0.73,0.5,0.23
帕尔杜比斯,0.4,0.14,0.26
伊赫拉瓦,0.29,0.27,0.02
TUS赫里根鲁兹,0.28,0.19,0.09
加兰塔,0.19,0.19,0.0
格雷西亚,0.28,0.0,0.28
沃尔夫斯贝格,0.1,0.46,-0.36
奥地利维也纳,0.55,0.37,0.18
里德,0.19,0.19,0.0
瓦滕斯,0.28,0.46,-0.18
阿尔特阿赫,0.19,0.19,0.0
哈特贝格,0.28,0.19,0.09
汉达瓦底联,0.67,0.45,0.22
伊洛瓦底,0.56,0.34,0.22
安特卫普,0.77,0.53,0.24
霍格斯特拉腾,0.27,0.32,-0.05
拜列治,0.34,0.16,0.18
希贝尼克,0.17,0.12,0.05
奥伦堡,0.65,0.22,0.43
奥特迪纳摩,0.6,0.4,0.2
施瓦本奥格斯堡,0.34,0.17,0.17
莫斯科斯巴达,0.65,0.43,0.22
弗拉季高加索阿拉尼亚,0.53,0.44,0.09
HNK戈里察,0.34,0.06,0.28
BFC维多利亚,0.24,0.5,-0.26
科马尔诺,0.5,0.39,0.11
波罗尼,0.47,0.22,0.25
钦区,0.12,0.23,-0.11
亚达纳邦,0.56,0.34,0.22
哈伊杜克,0.65,0.5,0.15
泽杰尼卡,0.44,0.07,0.37
科隆幸运,0.48,0.42,0.06
博霍尔特,0.3,0.24,0.06
埃弗斯堡,0.64,0.5,0.14
门兴格拉德巴赫二队,0.48,0.65,-0.17
沃克索谱镇,0.7,0.44,0.26
艾尔联,0.5,0.17,0.33
汉密尔顿学院,0.17,0.23,-0.06
哈尔科夫冶金,0.16,0.2,-0.04
普沃茨克维斯瓦,0.48,0.13,0.35
蒙特罗斯,0.45,0.28,0.17
福马亭,0.89,0.48,0.41
色格拉布鲁日,0.48,0.3,0.18
洛桑体育,0.62,0.36,0.26
洛桑奥奇,0.48,0.45,0.03
俄斯特拉发矿工,0.4,0.2,0.2
奥特罗科维斯,0.58,0.2,0.38
赫拉德茨克拉洛韦,0.34,0.4,-0.06
普里布拉姆,0.47,0.5,-0.03
拖侯特,0.3,0.12,0.18
标准列日,0.59,0.36,0.23
根特,0.53,0.42,0.11
欧本,0.24,0.18,0.06
威尔郡,0.18,0.18,0.0
奥哈瓦里,0.42,0.36,0.06
圣图尔登,0.36,0.3,0.06
圣吉罗斯联合,0.77,0.59,0.18
亨克,0.83,0.53,0.3
安德莱赫特,0.36,0.42,-0.06
奥斯坦德,0.3,0.12,0.18
希姆基,0.22,0.08,0.14
莫斯科中央陆军,0.72,0.43,0.29
乌拉尔,0.36,0.22,0.14
苏维埃之翼,0.22,0.29,-0.07
格罗兹尼艾卡马特,0.5,0.58,-0.08
莫斯科火车头,0.36,0.43,-0.07
下诺夫哥罗德,0.29,0.22,0.07
莫斯科迪纳摩,0.58,0.36,0.22
罗斯托夫,0.58,0.43,0.15
克拉斯诺达尔,0.58,0.36,0.22
沃罗涅日火炬,0.22,0.15,0.07
布尔戈斯,0.4,0.24,0.16
马拉加,0.35,0.15,0.2
卡塔赫纳,0.43,0.35,0.08
蓬费拉迪纳,0.29,0.1,0.19
埃瓦尔,0.53,0.35,0.18
特内里费,0.58,0.1,0.48
拉斯帕尔马斯,0.45,0.43,0.02
萨拉戈萨,0.39,0.2,0.19
莱加内斯,0.48,0.2,0.28
阿拉维斯,0.62,0.3,0.32
莱万特,0.5,0.34,0.16
韦斯卡,0.45,0.1,0.35
卢戈,0.15,0.1,0.05
阿尔瓦塞特,0.45,0.34,0.11
米兰德斯,0.43,0.2,0.23
希洪体育,0.4,0.15,0.25
桑坦德竞技,0.4,0.24,0.16
比利亚雷亚尔B队,0.43,0.2,0.23
皇家奥维耶多,0.48,0.3,0.18
FC安道尔,0.5,0.24,0.26
伊维萨体育联盟,0.24,0.1,0.14
格拉纳达,0.8,0.24,0.56
比尔森胜利,0.67,0.47,0.2
波希米亚人1905,0.4,0.54,-0.14
兹林,0.34,0.0,0.34
布尔诺,0.27,0.27,0.0
亚布洛内茨,0.34,0.27,0.07
奥洛莫茨,0.34,0.34,0.0
博莱斯拉夫,0.27,0.34,-0.07
布杰约维采,0.4,0.27,0.13
利贝雷茨,0.34,0.34,0.0
布拉格斯拉维亚,0.94,0.4,0.54
瓦恩斯多夫,0.67,0.15,0.52
奥帕瓦,0.29,0.2,0.09
维拉斯姆,0.4,0.36,0.04
奥洛莫茨二队,0.4,0.22,0.18
布拉格斯拉维亚二队,0.47,0.08,0.39
维什科夫,0.6,0.36,0.24
塔波斯科,0.58,0.2,0.38
实皆联,0.12,0.23,-0.11
掸邦联,1.0,0.67,0.33
米亚瓦迪,0.67,0.45,0.22
仰光联,0.78,0.56,0.22
伊斯佩FC,0.45,0.34,0.11
拉科尼联,0.0,0.12,-0.12
登德,0.19,0.28,-0.09
洛默尔,0.37,0.55,-0.18
维通,0.0,0.19,-0.19
莫伦贝克,0.73,0.55,0.18
比尔肖特,0.55,0.55,0.0
SK贝弗伦,0.73,0.37,0.36
布鲁日二队,0.64,0.28,0.36
丹泽,0.55,0.28,0.27
卡腊巴卡,0.4,0.36,0.04
赫塔,0.65,0.58,0.07
伊斯特拉1961,0.45,0.17,0.28
国际米兰女足,0.25,0.0,0.25
尤文图斯女足,0.56,0.25,0.31
巴里女足,0.56,0.25,0.31
加里宁格勒波罗的海,0.63,0.42,0.21
叶尼塞,0.63,0.18,0.45
霍吉尼赞卡,0.32,0.0,0.32
陶里亚蒂阿克隆,0.25,0.3,-0.05
利浦斯塔德,0.42,0.36,0.06
科隆二队,0.53,0.12,0.41
塔斯马尼亚1973,0.32,0.48,-0.16
兰德斯,0.46,0.28,0.18
赫尔辛格,0.25,0.0,0.25
北西兰,0.75,0.0,0.75
HB克厄,0.19,0.46,-0.27
伊韦尔东,0.62,0.5,0.12
萨格勒布迪纳摩,0.89,0.45,0.44
佩利根,0.62,0.45,0.17
橡树之心,0.5,0.27,0.23
贝切姆联,0.75,0.2,0.55
哈卡,0.25,0.2,0.05
十字军,0.34,0.25,0.09
阿拉德纺织厂,0.34,0.07,0.27
桑德捷斯基,0.37,0.55,-0.18
腓特烈西亚,0.37,0.19,0.18
泽尼特潘萨,0.3,0.09,0.21
拉赫蒂,0.0,0.2,-0.2
查普斯,0.67,0.25,0.42
赫尔辛基IFK,0.6,0.34,0.26
伊塔尔,0.69,0.38,0.31
多瑙,0.44,0.32,0.12
哈勒施尔,0.37,0.16,0.21
普罗夫迪夫博特夫B队,0.32,0.13,0.19
埃及国家银行,0.36,0.3,0.06
加斯马哈拉,0.3,0.12,0.18
陆军先锋,0.48,0.36,0.12
金字塔,0.71,0.59,0.12
扎马雷克体育,0.62,0.82,-0.2
阿拉伯承包商,0.24,0.24,0.0
开罗国民,0.77,0.42,0.35
未来FC,0.53,0.42,0.11
马斯里,0.23,0.25,-0.02
佩哈亚克,0.3,0.24,0.06
伊斯梅利,0.3,0.24,0.06
索莫哈,0.48,0.18,0.3
ENPPI体育,0.19,0.28,-0.09
古纳,0.3,0.24,0.06
东方公司体育,0.13,0.28,-0.15
马卡萨,0.06,0.06,0.0
克莉奥帕特拉,0.3,0.12,0.18
亚历山大港联合,0.42,0.12,0.3
奥厄,0.32,0.32,0.0
德累斯顿迪纳摩,0.53,0.53,0.0
韦恩威斯巴登,0.64,0.48,0.16
奥斯纳布吕克,0.64,0.48,0.16
茨维考,0.34,0.16,0.18
多特蒙德二队,0.43,0.27,0.16
弗赖堡B队,0.69,0.43,0.26
杜伊斯堡,0.22,0.37,-0.15
曼海姆,0.79,0.22,0.57
科隆胜利,0.43,0.32,0.11
巴桑德拉国王,0.0,0.0,0.0
普鲁什库夫火炬,0.53,0.5,0.03
莫托路宾,0.59,0.32,0.27
比亚森,0.34,0.0,0.34
谢夫,0.2,0.25,-0.05
奥特,0.34,0.2,0.14
卡积沙斯,1.0,0.0,1.0
斯凯德,0.0,0.2,-0.2
利勒斯特罗姆,0.5,0.67,-0.17
奥勒松,0.25,0.0,0.25
莫斯,0.6,0.0,0.6
斯达,0.5,0.2,0.3
索特拉,0.5,0.25,0.25
海于格松,0.34,0.0,0.34
约维克FF,0.5,0.34,0.16
克里斯蒂安松,0.8,0.25,0.55
布兰,0.75,0.25,0.5
费德列斯达,0.25,0.4,-0.15
瓦勒伦加,0.34,0.5,-0.16
KFUM奥斯陆,0.4,0.0,0.4
松达尔,0.75,0.4,0.35
桑德尼斯,0.4,0.0,0.4
罗森博格,0.4,0.0,0.4
UII奇萨,0.34,0.34,0.0
兰黑姆,0.75,0.4,0.35
特罗姆斯达伦,0.67,0.67,0.0
布莱尼,0.4,0.0,0.4
埃兹伏尔,0.5,0.25,0.25
汉坎,0.5,0.0,0.5
特罗姆瑟,0.25,0.67,-0.42
基加利,0.5,0.39,0.11
卢旺达爱国军,0.67,0.5,0.17
雷永体育,0.6,0.65,-0.05
卢旺达警察,0.65,0.34,0.31
圣格奥尔基,0.4,0.0,0.4
辛尼克,0.59,0.19,0.4
胡丁格IF,0.4,0.0,0.4
哈马比B队,0.8,0.5,0.3
水晶体育,0.56,0.78,-0.22
万卡约体育,0.6,0.25,0.35
西恩夏诺,0.45,0.34,0.11
卡萨大学,0.78,0.34,0.44
格劳竞技,0.8,0.38,0.42
利马联盟,0.8,0.63,0.17
卡洛斯马努西,0.2,0.13,0.07
梅尔加,0.8,0.25,0.55
AD塔尔玛,0.56,0.12,0.44
FC卡洛斯,0.12,0.0,0.12
两国体育,0.88,0.1,0.78
圣马丁大学,0.13,0.0,0.13
市政体育,0.38,0.2,0.18
秘鲁体育大学,0.67,0.34,0.33
学术界体育,0.38,0.1,0.28
英迪加斯,0.13,0.2,-0.07
华恩斯体育生,0.67,0.0,0.67
卡哈马卡,0.56,0.34,0.22
联盟竞技,0.67,0.23,0.44
马尔默,0.8,1.0,-0.2
维京古,1.0,1.0,0.0
尤尔加登女足,0.63,0.29,0.34
林雪平女足,0.75,0.72,0.03
埃斯基尔斯蒂纳联女足,0.5,0.63,-0.13
哈马比女足,0.5,0.58,-0.08
克里斯蒂安斯塔德女足,0.86,0.5,0.36
维特舍女足,0.43,0.5,-0.07
KIF厄勒布鲁女足,0.58,0.25,0.33
布洛马波卡纳女足,0.13,0.15,-0.02
皮特奥女足,0.58,0.34,0.24
AIK索尔纳女足,0.25,0.0,0.25
罗森加德女足,0.88,0.75,0.13
赫根女足,0.5,0.5,0.0
于默奥女足,0.29,0.0,0.29
卡尔马女足,0.38,0.0,0.38
布赫巴赫,0.43,0.32,0.11
翁特哈兴,0.74,0.69,0.05
赖恩莱希,0.32,0.17,0.15
施韦因富特,0.56,0.37,0.19
海利,0.37,0.16,0.21
伊勒迪森,0.48,0.28,0.2
阿莎芬堡,0.48,0.37,0.11
奥格斯堡B队,0.48,0.37,0.11
DJK维勒兹,0.37,0.37,0.0
贝豪森,0.48,0.37,0.11
奥布斯塔特,0.43,0.37,0.06
纽伦堡B队,0.43,0.53,-0.1
海姆斯特滕,0.27,0.06,0.21
慕尼黑土耳其力量,0.32,0.43,-0.11
拜仁慕尼黑二队,0.69,0.43,0.26
菲尔特青年队,0.39,0.43,-0.04
皮平斯列特,0.22,0.11,0.11
淄博齐盛,0.0,0.2,-0.2
湖北青年星,0.4,0.4,0.0
延边龙鼎,0.4,0.8,-0.4
泉州亚新,0.4,0.4,0.0
泰安天贶,0.8,0.6,0.2
珠海琴澳,0.4,0.4,0.0
济南兴洲,1.0,0.6,0.4
青岛红狮,0.0,0.0,0.0
东莞莞联,0.8,0.6,0.2
内蒙古草上飞,0.0,0.0,0.0
丹东腾跃,0.4,0.8,-0.4
武汉江城,0.2,0.6,-0.4
无锡吴钩,1.0,0.4,0.6
江西黑马青年,0.2,0.4,-0.2
南通海门珂缔缘,0.4,0.6,-0.2
湖南湘涛,0.2,0.0,0.2
绍兴上虞翼龙,0.2,0.2,0.0
海南之星,0.2,0.4,-0.2
卡芬堡,0.43,0.2,0.23
绿色溪谷,0.43,0.38,0.05
海德堡联,0.34,0.17,0.17
伯尔尼年轻人,0.77,0.39,0.38
科化体育会,0.39,0.34,0.05
温特图尔,0.28,0.18,0.1
曼斯多夫,0.29,0.6,-0.31
FAC维也纳,0.47,0.29,0.18
华沙莱吉亚,0.71,0.42,0.29
明斯特普鲁士,0.77,0.69,0.08
特赖斯基兴,0.54,0.4,0.14
阿德米拉,0.43,0.2,0.23
维也纳体育会,0.6,0.22,0.38
喀山红宝石,0.59,0.57,0.02
伏尔加阿斯特拉罕,0.42,0.25,0.17
莫拉斯,0.19,0.19,0.0
特纳瓦斯巴达,0.55,0.2,0.35
马里萨,0.71,0.19,0.52
VfL奥登伯格,0.16,0.32,-0.16
维也纳快速二队,0.34,0.15,0.19
斯特利费宁,0.87,0.67,0.2
勒贝克,0.5,0.5,0.0
斯坦豪斯摩尔,0.34,0.34,0.0
格里诺克慕顿,0.62,0.23,0.39
基斯,0.3,0.13,0.17
艾洛亚竞技,0.56,0.39,0.17
艾比安斯特宁,0.73,0.45,0.28
福尔柯克,0.56,0.5,0.06
斯青威尔,0.5,0.17,0.33
朗里奇城,0.61,0.4,0.21
华沙普罗尼亚,0.44,0.65,-0.21
佩特萨尔卡,0.43,0.16,0.27
女王公园,0.56,0.39,0.17
萨格勒布火车头,0.45,0.17,0.28
巴林格,0.53,0.24,0.29
FSV法兰克福,0.59,0.42,0.17
巴洛克斯塔特,0.42,0.12,0.3
乌尔姆,0.65,0.59,0.06
巴林根,0.42,0.48,-0.06
美因茨B队,0.36,0.48,-0.12
弗雷堡,0.36,0.12,0.24
特里尔,0.18,0.12,0.06
红白科布伦茨,0.3,0.12,0.18
沃尔姆斯,0.24,0.18,0.06
霍芬海姆B队,0.71,0.53,0.18
洪堡,0.48,0.48,0.0
卡塞尔黑森,0.36,0.12,0.24
斯图加特二队,0.53,0.3,0.23
亚伦,0.48,0.18,0.3
TSV施泰因巴赫,0.65,0.59,0.06
瓦尔多夫,0.3,0.18,0.12
奥伯豪森,0.59,0.3,0.29
亚琛,0.59,0.3,0.29
艾伦,0.3,0.18,0.12
瓦滕沙伊德09,0.24,0.18,0.06
罗迪豪森,0.65,0.36,0.29
SV斯特拉伦1919,0.18,0.06,0.12
杜塞尔多夫二队,0.18,0.48,-0.3
维登贝鲁克,0.59,0.06,0.53
杜伦,0.57,0.3,0.27
马林博恩FC,0.48,0.48,0.0
萨斯菲尔德,0.23,0.15,0.08
格洛斯特城,0.48,0.35,0.13
达林顿,0.4,0.4,0.0
基特宁,0.4,0.09,0.31
菲尔德,0.66,0.61,0.05
基德明斯特,0.31,0.53,-0.22
布莱思斯巴达,0.22,0.31,-0.09
金斯林镇,0.74,0.44,0.3
巴拉福特PA,0.4,0.09,0.31
斯卡堡,0.4,0.4,0.0
巴克利城,0.57,0.22,0.35
南港,0.31,0.27,0.04
波士顿联,0.44,0.22,0.22
斯彭尼穆尔城,0.48,0.31,0.17
赫里福德联,0.31,0.35,-0.04
法士利,0.35,0.18,0.17
泰福特,0.14,0.14,0.0
艾尔佛莱顿,0.53,0.22,0.31
乔利,0.48,0.27,0.21
班布里,0.27,0.31,-0.04
阿什顿,0.44,0.35,0.09
彼得堡体育,0.4,0.27,0.13
雷明顿,0.4,0.05,0.35
布顿,0.44,0.35,0.09
切斯特,0.4,0.57,-0.17
南通支云,0.59,0.65,-0.06
江西北大门,0.3,0.3,0.0
昆山FC,0.77,0.89,-0.12
新疆天山雪豹,0.36,0.0,0.36
陕西长安竞技,0.36,0.71,-0.35
北京北体大,0.24,0.12,0.12
淄博蹴鞠,0.36,0.3,0.06
北京理工,0.06,0.06,0.0
石家庄功夫,0.65,0.53,0.12
辽宁沈阳城市,0.24,0.3,-0.06
黑龙江冰城,0.42,0.36,0.06
苏州东吴 ,0.59,0.36,0.23
南京城市,0.36,0.48,-0.12
广西平果哈嘹,0.3,0.06,0.24
四川九牛,0.53,0.53,0.0
青岛青春岛,0.53,0.24,0.29
上海嘉定汇龙,0.53,0.06,0.47
青岛海牛,0.59,0.77,-0.18
灵比,0.1,0.19,-0.09
ASKO,0.22,0.15,0.07
斯托克劳,0.6,0.0,0.6
卢宾,0.24,0.48,-0.24
查洛里,0.3,0.38,-0.08
罗马女足,1.0,0.5,0.5
AC米兰女足,0.25,0.25,0.0
法鲁尔,1.0,0.0,1.0
巴斯科雷提,0.6,0.0,0.6
贝尔谢巴工人,0.54,0.4,0.14
北部流浪者,0.0,0.0,0.0
阿尔梅勒城,0.53,0.58,-0.05
奥斯特拉瓦矿工二队,0.75,0.5,0.25
行政服务漫步者,0.19,0.36,-0.17
索尔亚,0.74,0.62,0.12
叶尔加瓦,0.45,0.0,0.45
JDFS艾尔贝茨,0.2,1.0,-0.8
格洛比纳,1.0,0.67,0.33
帕纳辛奈科斯,0.77,0.0,0.77
布隆德比,0.25,0.28,-0.03
阿迈厄前进,0.37,0.28,0.09
奥达里加,0.17,0.38,-0.21
陶格夫匹尔斯,0.25,0.15,0.1
DJK阿默塔尔,0.37,0.37,0.0
尼奥特,0.28,0.11,0.17
巴拉卡斯中央,0.34,0.13,0.21
河床,0.88,0.67,0.21
蒙巧波利顿,0.48,0.39,0.09
基士多尼亚,0.28,0.24,0.04
瓦尔米耶拉,0.58,0.38,0.2
兹沃勒,0.79,0.64,0.15
乌法,0.38,0.12,0.26
班菲尔德,0.23,0.13,0.1
凯奇凯梅特,0.53,0.38,0.15
韦莱涅鲁达,0.34,0.14,0.2
维兹,0.29,0.36,-0.07
布拉加,0.77,0.71,0.06
阿罗卡,0.59,0.3,0.29
哥素,0.5,0.2,0.3
格伦杜兰,0.69,0.34,0.35
比肯斯菲尔德,0.43,0.29,0.14
石威德,0.44,0.27,0.17
超级星,0.25,0.0,0.25
图库姆斯,0.29,0.13,0.16
马特洛克,0.48,0.43,0.05
雷尼肯多夫,0.19,0.12,0.07
FC埃德斯海姆,0.65,0.3,0.35
Salaspils,0.5,0.43,0.07
萨拉热窝铁路工人,0.53,0.34,0.19
库雷萨勒,0.15,0.58,-0.43
维米斯,0.63,0.6,0.03
阿加斯,0.27,0.14,0.13
迈加瓦斯巴达,0.47,0.36,0.11
波瓦兹斯卡,0.58,0.15,0.43
扑雷索夫,0.93,0.5,0.43
MSK贝塞夫,0.36,0.29,0.07
日利纳B队,0.58,0.36,0.22
布拉迪斯拉发二队,0.36,0.43,-0.07
Dolný Kubín,0.43,0.15,0.28
拉卡,0.0,0.0,0.0
波尔蒂芒人,0.36,0.24,0.12
博阿维斯塔,0.48,0.24,0.24
葡萄牙体育,0.77,0.59,0.18
吉尔维森特,0.36,0.24,0.12
帕索斯费雷拉,0.18,0.18,0.0
波尔图,0.89,0.71,0.18
马德拉航海,0.36,0.06,0.3
沙维斯,0.36,0.36,0.0
本菲卡,0.89,0.77,0.12
阿维河,0.48,0.12,0.36
维泽拉,0.3,0.36,-0.06
埃斯托里尔,0.42,0.18,0.24
法马利康,0.53,0.24,0.29
圣克拉拉,0.24,0.06,0.18
卡萨皮亚,0.36,0.3,0.06
泰罗芬斯,0.32,0.18,0.14
贝伦人SAD,0.12,0.44,-0.32
佩纳菲耶尔,0.24,0.3,-0.06
莱雄伊什,0.36,0.25,0.11
费拉人,0.3,0.36,-0.06
阿马多拉之星,0.48,0.48,0.0
本菲卡B队,0.36,0.24,0.12
维塞乌学院,0.53,0.32,0.21
马德拉国民,0.25,0.3,-0.05
通德拉,0.24,0.25,-0.01
奥利韦拉人体育联盟,0.32,0.3,0.02
马夫拉,0.36,0.32,0.04
莫雷拉人,0.89,0.53,0.36
自由镇人,0.38,0.36,0.02
法鲁人,0.75,0.48,0.27
托里什人联合,0.48,0.3,0.18
波尔图B队,0.42,0.42,0.0
科维良体育,0.24,0.18,0.06
